game,tasks,avg_lead_time_sec,median_lead_time_sec,good,fair,bad,rag_tasks,triage_yes_within_rag,triage_no_within_rag,reworked_tasks,fallback_tasks
aion2,541,725.3659870609981,226.303,214,82,154,452,238,213,230,308
bnsneo,5,681.601,895.2909999999999,1,0,4,5,0,5,3,1
lineage2m,26,638.4323846153845,404.3645,9,7,8,24,6,18,15,12
lineageclassic,369,653.7837615176152,223.06599999999997,126,46,122,297,116,181,144,192
lineagem,25,1001.13004,270.927,7,1,12,20,12,8,14,17
lineagew,33,601.3555151515152,308.301,15,1,14,29,4,25,12,14
