task_range,tasks,reworked_tasks,rework_rate,avg_lead_time_sec,median_lead_time_sec,reviewed_tasks,good,fair,bad,strict_pass_rate,lenient_pass_rate,fallback_rate
164209-165076,867,709,0.817762399077278,738.071139561707,235.564,699,292,109,298,0.4177396280400572,0.5736766809728183,0.5651672433679354
165201-165332,132,126,0.9545454545454546,444.25575,185.52800000000002,124,80,28,16,0.6451612903225806,0.8709677419354839,0.4090909090909091
